digital_input, Keyword, joinInputs
analog_input, Keyword, joinInputs
string_input, Keyword, joinInputs
buffer_input , Keyword, joinInputs
digital_output, Keyword, joinOutputs
analog_output, Keyword, joinOutputs
string_output, Keyword, joinOutputs
buffer_output, Keyword, joinOutputs
integer_parameter, Keyword, parameters
signed_integer_parameter, Keyword, parameters
long_integer_parameter, Keyword, parameters
signed_long_integer_parameter, Keyword, parameters
string_parameter , Keyword, parameters
volatile, Keyword, modifier
nonvolatile, Keyword, modifier
dynamic, Keyword, modifier
ascii, Keyword, modifier
utf16, Keyword, modifier
inherit, Keyword, modifier
delegateProperty, Keyword, modifier
integer, Keyword, Variables
signed_integer, Keyword, Variables
long_integer, Keyword, Variables
signed_long_integer, Keyword, Variables
string, Keyword, Variables
simplSharpString_Function, Keyword, Variables
cEvent, class, classes
cMutex, class, classes
tcp_client, Keyword, tcp-client-structure
tcp_server, Keyword, tcp-server-structure
udp_socket, Keyword, ud-socket-structure
file_info, Keyword, file-info-structure
structure, Keyword, structures
Function, Keyword, Functions
integer_Function, Keyword, Functions
signed_integer_Function, Keyword, Functions
long_integer_Function, Keyword, Functions
signed_long_integer_Function, Keyword, Functions
string_Function, Keyword, Functions
simplSharpString_Function, Keyword, Functions
eventHandler, Keyword, event-handler
callback, Keyword, modifier
threadSafe, Keyword, modifier
push, Function, event-handler
event, Function, event-handler
change, Function, event-handler
release, Function, event-handler
socketConnect, Function, event-handler
socketDisconnect , Function, event-handler
socketReceive , Function, event-handler
socketStatus , Function, event-handler
byVal, Keyword, modifier
byRef, Keyword, modifier
ReadOnlyRef, Keyword, modifier
eventArgs, Keyword, type
#define_Constant, Keyword, declaration
#category, Keyword, declaration
#user_simplSharp_library, Keyword, declaration
#crestron_simplSharp_library, Keyword, declaration
#user_library, Keyword, declaration
#crestron_library, Keyword, declaration
#includePath, Keyword, declaration
#symbol_name, Keyword, declaration
#hint, Keyword, declaration
#help, Keyword, declaration
#default_nonvolatile, Keyword, declaration
#default_volatile, Keyword, declaration
#analog_serial_expand, Keyword, declaration
#digital_expand, Keyword, declaration
#output_shift, Keyword, declaration
#max_internal_buffer_size, Keyword, declaration
#print_to_trace, Keyword, declaration
#enable_dynamic, Keyword, declaration
#enable_stack_checking, Keyword, declaration
#large_stack, Keyword, declaration
#enable_trace, Keyword, declaration
#encoding_ascii, Keyword, declaration
#encoding_inherit_from_parent, Keyword, declaration
#encoding_inherit_from_program, Keyword, declaration
#encoding_utf16, Keyword, declaration
#default_nonvolatile, Keyword, declaration
#default_volatile, Keyword, declaration
#begin_parameter_properties, Keyword, declaration
#begin_parameter_properties, Keyword, declaration
#propValidUnits, Keyword, declaration
#propDefaultUnits, Keyword, declaration
#propDefaultValue, Keyword, declaration
#propDefaultValue, Keyword, declaration
#propBounds, Keyword, declaration
#help_begin, Keyword, declaration
#help_end, Keyword, declaration
#begin_prop_full_description, Keyword, declaration
#begin_prop_notes, Keyword, declaration
#end_prop_full_description, Keyword, declaration
#end_prop_notes, Keyword, declaration
#if_defined, Keyword, declaration
#if_not_defined, Keyword, declaration
#if_series2, Keyword, declaration
#if_series3, Keyword, declaration
#if_series4, Keyword, declaration
#endif, Keyword, declaration
while, Keyword, statement
do, Keyword, statement
until, Keyword, statement
for, Keyword, statement
to, Keyword, statement
step, Keyword, statement
wait, Keyword, statement
if, Keyword, statement
else, Keyword, statement
case, Keyword, statement
default, Keyword, statement
return, Keyword, statement
break, Keyword, statement
continue, Keyword, statement
try, Keyword, statement
catch, Keyword, statement
_oem_break, Variable, var
_oem_cd, Variable, var
_oem_cts, Variable, var
_oem_dtr, Variable, var
_oem_long_break, Variable, var
_oem_max_string, Variable, var
_oem_pacing, Variable, var
_oem_rts, Variable, var
_oem_str_in, Variable, var
_oem_str_out, Variable, var
_O_APPEND, Constant, con
_O_CREAT, Constant, con
_O_EXCL, Constant, con
_O_TRUNC, Constant, con
_O_TEXT, Constant, con
_O_BINARY, Constant, con
_O_RDONLY, Constant, con
_O_RDWR, Constant, con
_O_WRONLY, Constant, con
SEEK_SET, Constant, con
SEEK_CUR, Constant, con
SEEK_END, Constant, con
ARdOnly, Constant, con
AHidden, Constant, con
ASystem, Constant, con
AVolume, Constant, con
ADirEnt, Constant, con
Archive, Constant, con
On, Constant, con
Off, Constant, con
aToI, Function, fun
aToSi, Function, fun
aToL, Function, fun
aToSl, Function, fun
chr, Function, fun
hexToI, Function, fun
hexToL, Function, fun
hexToSi, Function, fun
hexToSl, Function, fun
iToA, Function, fun
iToHex, Function, fun
lToA, Function, fun
lToHex, Function, fun
random, Function, fun
rnd, Function, fun
compareStrings, Function, fun
compareStringsNoCase, Function, fun
find, Function, fun
findNoCase, Function, fun
gather, Function, fun
gatherByLength, Function, fun
gatherAsync, Function, fun
gatherAsyncByLength, Function, fun
gatherByLengthWithDest, Function, fun
reArmGatherAsync, Function, fun
removeGatherAsync, Function, fun
getC, Function, fun
left, Function, fun
len, Function, fun
lower, Function, fun
upper, Function, fun
mid, Function, fun
remove, Function, fun
removeByLength, Function, fun
resizeString, Function, fun
reverseFind, Function, fun
reverseFindNoCase, Function, fun
right, Function, fun
setString, Function, fun
abs, Function, fun
max, Function, fun
min, Function, fun
mulDiv, Function, fun
sMax, Function, fun
sMin, Function, fun
bit, Function, fun
byte, Function, fun
high, Function, fun
highWord, Function, fun
low, Function, fun
lowWord, Function, fun
lowerChar, Function, fun
rotateLeft, Function, fun
rotateLeftLong, Function, fun
rotateRight, Function, fun
rotateRightLong, Function, fun
setByte, Function, fun
upperChar, Function, fun
fileBof, Function, fun
fileClose, Function, fun
fileDelete, Function, fun
fileDeleteShared, Function, fun
fileEof, Function, fun
fileLength, Function, fun
checkForDisk, Function, fun
getCurrentDirectory, Function, fun
fileOpen, Function, fun
fileOpenShared, Function, fun
fileRead, Function, fun
fileSeek, Function, fun
fileWrite, Function, fun
findClose, Function, fun
findFirst, Function, fun
findFirstShared, Function, fun
findNext, Function, fun
isDirectory, Function, fun
isHidden, Function, fun
isReadOnly, Function, fun
isSystem, Function, fun
isVolume, Function, fun
makeDirectory, Function, fun
makeDirectoryShared, Function, fun
readInteger, Function, fun
readIntegerArray, Function, fun
readLongInteger, Function, fun
readLongIntegerArray, Function, fun
readSignedInteger, Function, fun
readSignedIntegerArray, Function, fun
readSignedLongInteger, Function, fun
readSignedLongIntegerArray, Function, fun
readString, Function, fun
readStringArray, Function, fun
checkForNvramDisk, Function, fun
removeDirectory, Function, fun
removeDirectoryShared, Function, fun
setCurrentDirectory, Function, fun
startFileOperations, Function, fun
endFileOperations, Function, fun
waitForNewDisk, Function, fun
writeInteger, Function, fun
writeIntegerArray, Function, fun
writeLongInteger, Function, fun
writeLongIntegerArray, Function, fun
writeSignedInteger, Function, fun
writeSignedIntegerArray, Function, fun
writeSignedLongInteger, Function, fun
writeSignedLongIntegerArray, Function, fun
writeString, Function, fun
writeStringArray, Function, fun
date, Function, fun
day, Function, fun
fileDate, Function, fun
fileDay, Function, fun
fileGetDateNum, Function, fun
fileGetDayOfWeekNum, Function, fun
fileGetHourNum, Function, fun
fileGetMinutesNum, Function, fun
fileGetMonthNum, Function, fun
fileGetSecondsNum, Function, fun
fileGetYearNum, Function, fun
fileMonth, Function, fun
fileTime, Function, fun
getDateNum, Function, fun
getDayOfWeekNum, Function, fun
getDst, Function, fun
getGmtOffset, Function, fun
getHourNum, Function, fun
getHSeconds, Function, fun
getMinutesNum, Function, fun
getMonthNum, Function, fun
getSecondsNum, Function, fun
getTicks, Function, fun
getYearNum, Function, fun
month, Function, fun
setGmtOffset, Function, fun
time, Function, fun
socketConnectClient, Function, fun
socketDisconnectClient, Function, fun
socketGetAddressAsRequested, Function, fun
socketGetPortNumber, Function, fun
socketGetRemoteIpAddress, Function, fun
socketGetSenderIpAddress, Function, fun
socketGetStatus, Function, fun
socketIsBroadcast, Function, fun
socketIsMulticast, Function, fun
socketSend, Function, fun
socketServerStartListen, Function, fun
socketServerStopListen, Function, fun
socketUdp_Disable, Function, fun
socketUdp_Enable, Function, fun
sendMail, Function, fun
sendMailAdvance, Function, fun
sendMailWithAttachments, Function, fun
compareRampsByAttribute, Function, fun
compareRampsById, Function, fun
createRamp, Function, fun
getRampInfo, Function, fun
isRamping, Function, fun
rampInfo, Function, fun
stopRamp, Function, fun
getEncoding, Function, fun
setEncoding, Function, fun
toAscii, Function, fun
toUtf16, Function, fun
getSlot, Function, fun
getCresnet, Function, fun
getCip, Function, fun
getSymbolInstanceName, Function, fun
getSymbolReferenceName, Function, fun
makeProgramFilename, Function, fun
getModelNumber, Function, fun
getSeries, Function, fun
isSignalDefined, Function, fun
getLastModifiedArrayIndex, Function, fun
getNumArrayCols, Function, fun
getNumArrayRows, Function, fun
getNumStructureArrayCols, Function, fun
resizeArray, Function, fun
resizeStructureArray, Function, fun
getExceptionCode, Function, fun
getExceptionMessage, Function, fun
not, Function, fun
seed, Function, fun
clearBuffer, Function, fun
delay, Function, fun
processLogic, Function, fun
pulse, Function, fun
waitForInitializationComplete, Function, fun
generateUserNotice, Function, fun
generateUserWarning, Function, fun
generateUserError, Function, fun
sendPacketToCpu, Function, fun
sendCresnetPacket, Function, fun
setCresnet, Function, fun
setSlot, Function, fun
setCip, Function, fun
cancelAllWait, Function, fun
cancelWait, Function, fun
pauseAllWait, Function, fun
pauseWait, Function, fun
resumeAllWait, Function, fun
resumeWait, Function, fun
retimeWait, Function, fun
makeString, Function, fun
print, Function, fun
trace, Function, fun
readStructure, Function, fun
writeStructure, Function, fun
setDate, Function, fun
setClock, Function, fun
initializeRampInfoArray, Function, fun
initializeRampInfo, Function, fun
setEncoding, Function, fun
registerDelegate, Function, fun
registerEvent, Function, fun
setArray, Function, fun